filename,adaptivegreedy___hs_exact,adaptivegreedy_ku__hs_exact,adaptivegreedy_kv__hs_exact,adaptivegreedy_ku_kv__hs_exact,adaptivegreedy_ke__hs_exact,adaptivegreedy_ku_ke__hs_exact,adaptivegreedy_kv_ke__hs_exact,adaptivegreedy_ku_kv_ke__hs_exact,greedy___hs_exact,greedy_ku__hs_exact,greedy_kv__hs_exact,greedy_ku_kv__hs_exact,greedy_ke__hs_exact,greedy_ku_ke__hs_exact,greedy_kv_ke__hs_exact,greedy_ku_kv_ke__hs_exact
exact_001.hgr,0.024301528930664,0.0167281627655029,0.0349750518798828,0.0245821475982666,0.0320100784301757,0.0285873413085937,0.051490306854248,0.0506138801574707,0.0182011127471923,0.0179626941680908,0.0208997726440429,0.0214323997497558,0.0329921245574951,0.0553328990936279,0.0305988788604736,0.052333116531372
exact_002.hgr,0.0251524448394775,0.0156614780426025,0.0348415374755859,0.0248098373413085,0.0456979274749755,0.035752534866333,0.0294427871704101,0.0287127494812011,0.019169807434082,0.0166411399841308,0.0299837589263916,0.041710615158081,0.0323178768157959,0.0699911117553711,0.0299508571624755,0.0690689086914062
exact_003.hgr,0.0372085571289062,0.0174436569213867,0.0424301624298095,0.0379111766815185,0.0486249923706054,0.0335924625396728,0.0559999942779541,0.0324139595031738,0.0256240367889404,0.0163323879241943,0.0381088256835937,0.0429399013519287,0.0427539348602294,0.0932378768920898,0.0422642230987548,0.0486290454864501
exact_004.hgr,0.0244727134704589,0.0220508575439453,0.1389956474304199,0.103950023651123,0.100703477859497,0.1443855762481689,0.2252182960510254,0.2027695178985595,0.0267260074615478,0.0186359882354736,0.1276102066040039,0.1349060535430908,0.107051134109497,0.1979656219482422,0.2263267040252685,0.2408041954040527
exact_005.hgr,0.0345370769500732,0.0373675823211669,0.0829510688781738,0.0609304904937744,0.2358653545379638,0.2418165206909179,0.2518942356109619,0.2691233158111572,0.0410044193267822,0.0365664958953857,0.053896427154541,0.0673482418060302,0.2644083499908447,0.3133566379547119,0.2757141590118408,0.3248510360717773
exact_006.hgr,0.0392627716064453,0.0321524143218994,0.0587568283081054,0.032273530960083,0.0417661666870117,0.0329558849334716,0.0532009601593017,0.0549509525299072,0.0356028079986572,0.0309047698974609,0.0375206470489501,0.043304443359375,0.0310914516448974,0.0395121574401855,0.0431604385375976,0.0414628982543945
exact_007.hgr,0.0436937808990478,0.0306799411773681,0.0240962505340576,0.0332188606262207,0.0353953838348388,0.0475094318389892,0.0303914546966552,0.0317704677581787,0.0311024188995361,0.0201349258422851,0.024233341217041,0.0344552993774414,0.0217037200927734,0.14186692237854,0.0201437473297119,0.0366842746734619
exact_008.hgr,0.0377914905548095,0.0244629383087158,0.0463461875915527,0.0354855060577392,0.0812954902648925,0.0734326839447021,0.0534915924072265,0.046072244644165,0.0257642269134521,0.0351998805999755,0.029850959777832,0.0465648174285888,0.0701715946197509,0.0308923721313476,0.0981581211090087,0.0708656311035156
exact_009.hgr,0.0678532123565673,0.0427556037902832,0.1449215412139892,0.1147472858428955,0.5351088047027588,0.4949014186859131,0.5377957820892334,0.540492057800293,0.0454142093658447,0.0566909313201904,0.1327846050262451,0.1375861167907714,0.509533166885376,0.5633378028869629,0.557755708694458,0.6868557929992676
exact_010.hgr,0.0713074207305908,0.0429968833923339,0.1142261028289794,0.1009619235992431,0.3638091087341308,0.3981790542602539,0.427617073059082,0.4539082050323486,0.0483520030975341,0.0529146194458007,0.1047306060791015,0.1438353061676025,0.4014265537261963,0.4327127933502197,0.4341850280761719,0.5556824207305908
exact_011.hgr,0.0694735050201416,0.0426368713378906,0.0405962467193603,0.0463411808013916,0.0377285480499267,0.0893795490264892,0.0986969470977783,0.0525047779083251,0.04838228225708,0.0493781566619873,0.0521678924560546,0.0502517223358154,0.0897305011749267,0.025238037109375,0.0414485931396484,0.0895330905914306
exact_012.hgr,0.0381977558135986,0.0325772762298584,0.0506899356842041,0.0476069450378418,0.0686581134796142,0.0493693351745605,0.0778131484985351,0.0675303936004638,0.0345613956451416,0.0318939685821533,0.0318439006805419,0.0267741680145263,0.0260591506958007,0.0277619361877441,0.0873045921325683,0.0710535049438476
exact_013.hgr,0.0668659210205078,0.0226666927337646,0.0444746017456054,0.0293681621551513,0.0819878578186035,0.0373110771179199,0.0860633850097656,0.0956766605377197,0.0248119831085205,0.0240345001220703,0.0738797187805175,0.0414285659790039,0.0653219223022461,0.0382983684539794,0.1033933162689209,0.1552262306213379
exact_014.hgr,0.0802111625671386,0.0516963005065918,0.0799751281738281,0.1344068050384521,0.315349817276001,0.3073203563690185,0.3411598205566406,0.3688356876373291,0.0565114021301269,0.0579967498779296,0.1520423889160156,0.0805714130401611,0.2504112720489502,0.2719440460205078,0.325512170791626,0.4502713680267334
exact_015.hgr,0.054239273071289,0.0310416221618652,0.1574928760528564,0.1527445316314697,0.1480188369750976,0.1243853569030761,0.21427583694458,0.2288808822631836,0.03468918800354,0.0322074890136718,0.1664021015167236,0.2158942222595214,0.1199800968170166,0.1333122253417968,0.2147502899169922,0.2665529251098633
exact_016.hgr,0.0476090908050537,0.025219440460205,0.0388605594635009,0.0304312705993652,0.0886082649230957,0.0357558727264404,0.0649435520172119,0.0376665592193603,0.019472599029541,0.0393550395965576,0.0380661487579345,0.047020673751831,0.0245819091796875,0.0288703441619873,0.0341269969940185,0.0487921237945556
exact_017.hgr,0.0576949119567871,0.0652563571929931,0.1158523559570312,0.1341288089752197,0.5386974811553955,0.5005204677581787,0.6334843635559082,0.655604362487793,0.0608603954315185,0.07381272315979,0.1486248970031738,0.1471428871154785,0.5100126266479492,0.6621780395507812,0.5947537422180176,0.8221609592437744
exact_018.hgr,0.0246970653533935,0.0336165428161621,0.040147066116333,0.0382921695709228,0.0733876228332519,0.0338156223297119,0.0511016845703125,0.0438957214355468,0.0267641544342041,0.0444104671478271,0.0451059341430664,0.0655131340026855,0.0505638122558593,0.0494155883789062,0.0528349876403808,0.0770022869110107
exact_019.hgr,0.0389909744262695,0.0295681953430175,0.0616407394409179,0.031524658203125,0.0445978641510009,0.0513026714324951,0.0518536567687988,0.0774545669555664,0.0225393772125244,0.0439176559448242,0.117976427078247,0.0341453552246093,0.0544252395629882,0.0456814765930175,0.0991604328155517,0.0513935089111328
exact_020.hgr,0.0611257553100585,0.0668325424194336,0.1238765716552734,0.1276719570159912,0.5181293487548828,0.588404655456543,0.6939680576324463,0.5895259380340576,0.0563714504241943,0.0385522842407226,0.1249520778656005,0.1155276298522949,0.521491527557373,0.6043970584869385,0.633577823638916,0.7624733448028564
exact_021.hgr,0.0520617961883544,0.051882266998291,0.057513952255249,0.0517609119415283,0.3531160354614258,0.208796739578247,0.3036198616027832,0.2450377941131591,0.0424780845642089,0.0763194561004638,0.0918753147125244,0.0406291484832763,0.3199450969696045,0.211890697479248,0.2372677326202392,0.3638980388641357
exact_022.hgr,0.0411550998687744,0.0652990341186523,0.1000556945800781,0.1361386775970459,0.5674018859863281,0.5718221664428711,0.6037135124206543,0.5669956207275391,0.0364396572113037,0.090358018875122,0.1524868011474609,0.1468236446380615,0.484135627746582,0.6335043907165527,0.5610129833221436,0.8239524364471436
exact_023.hgr,0.0294053554534912,0.0505237579345703,0.0713834762573242,0.1071853637695312,0.1819441318511963,0.152292251586914,0.2276475429534912,0.2058744430541992,0.0376067161560058,0.0741374492645263,0.0834693908691406,0.0944240093231201,0.1892533302307129,0.1511163711547851,0.2063848972320556,0.2542965412139892
exact_024.hgr,0.0461130142211914,0.0309231281280517,0.0289466381072998,0.0457663536071777,0.0494868755340576,0.0773158073425293,0.0497851371765136,0.0547318458557128,0.0219647884368896,0.0541467666625976,0.056222915649414,0.0352609157562255,0.0273900032043457,0.0398204326629638,0.102790355682373,0.1182165145874023
exact_025.hgr,0.0319502353668212,0.0519204139709472,0.0286993980407714,0.037182331085205,0.0325336456298828,0.0779304504394531,0.0334753990173339,0.0567700862884521,0.0336148738861084,0.0672895908355712,0.0297439098358154,0.0245442390441894,0.0647189617156982,0.0361278057098388,0.0917167663574218,0.0586128234863281
exact_026.hgr,0.0474154949188232,0.0472595691680908,0.1641469001770019,0.128918170928955,0.7878808975219727,0.7242851257324219,0.8109428882598877,0.8464407920837402,0.0467848777770996,0.0531086921691894,0.2563545703887939,0.1483042240142822,0.6895132064819336,0.7414085865020752,0.7583541870117188,1.039710521697998
exact_027.hgr,0.0402069091796875,0.039233922958374,0.0265185832977294,0.0401999950408935,0.0270962715148925,0.0735547542572021,0.0364770889282226,0.0596511363983154,0.0331342220306396,0.0661594867706298,0.0363233089447021,0.0385117530822753,0.0479490756988525,0.0337955951690673,0.0396842956542968,0.0520546436309814
exact_028.hgr,0.0387475490570068,0.0291237831115722,0.0635013580322265,0.0966858863830566,0.1674189567565918,0.1329569816589355,0.1611058712005615,0.1697626113891601,0.0255627632141113,0.0245039463043212,0.0821843147277832,0.0496706962585449,0.134946584701538,0.1365923881530761,0.1367988586425781,0.2195937633514404
exact_029.hgr,0.0349588394165039,0.0193262100219726,0.0197412967681884,0.0207650661468505,0.0664329528808593,0.0421390533447265,0.0456397533416748,0.0389893054962158,0.01513671875,0.0166060924530029,0.0535418987274169,0.0212101936340332,0.0251727104187011,0.0232644081115722,0.0734059810638427,0.0296847820281982
exact_030.hgr,0.0510640144348144,0.0540165901184082,0.0873119831085205,0.0993793010711669,0.3438611030578613,0.3244392871856689,0.326641321182251,0.3242690563201904,0.0524384975433349,0.0687644481658935,0.0776455402374267,0.0996932983398437,0.3344125747680664,0.2470307350158691,0.3569405078887939,0.3825812339782715
exact_031.hgr,0.0300648212432861,0.0331275463104248,0.036219835281372,0.0257668495178222,0.0476055145263671,0.0461318492889404,0.0419566631317138,0.0627129077911377,0.020963430404663,0.0237724781036376,0.0454685688018798,0.0352492332458496,0.0368144512176513,0.0261902809143066,0.0664234161376953,0.0362207889556884
exact_032.hgr,0.0464313030242919,0.0531184673309326,0.0303468704223632,0.0346946716308593,0.0336122512817382,0.0431060791015625,0.0298361778259277,0.0631442070007324,0.0185608863830566,0.0181617736816406,0.0328781604766845,0.0297605991363525,0.0301096439361572,0.0278067588806152,0.0751960277557373,0.0894584655761718
exact_033.hgr,0.0277612209320068,0.0330634117126464,0.1498632431030273,0.2040140628814697,0.1150884628295898,0.1276431083679199,0.2573564052581787,0.2794411182403564,0.0462965965270996,0.0456771850585937,0.1938321590423584,0.1811470985412597,0.134880781173706,0.1354238986968994,0.2401876449584961,0.3409557342529297
exact_034.hgr,0.0267004966735839,0.0476665496826171,0.0516667366027832,0.09130859375,0.0585942268371582,0.0290324687957763,0.0377523899078369,0.0389704704284668,0.0263605117797851,0.0147593021392822,0.0338184833526611,0.0277132987976074,0.0423221588134765,0.0652558803558349,0.1085724830627441,0.0564064979553222
exact_035.hgr,0.0558063983917236,0.0418963432312011,0.1338369846343994,0.1347665786743164,0.1230480670928955,0.0786504745483398,0.1951889991760254,0.2057406902313232,0.0186982154846191,0.0329229831695556,0.1482517719268798,0.1289563179016113,0.1626729965209961,0.0997471809387207,0.1713192462921142,0.1782631874084472
exact_036.hgr,0.0247266292572021,0.0560822486877441,0.02787446975708,0.0316503047943115,0.0350327491760253,0.1186506748199462,0.0752606391906738,0.0328071117401123,0.0479271411895751,0.0512442588806152,0.0331149101257324,0.0262343883514404,0.1163198947906494,0.0231378078460693,0.0703368186950683,0.0444612503051757
exact_037.hgr,0.0405573844909668,0.0277972221374511,0.0774807929992675,0.0902225971221923,0.1397798061370849,0.171149730682373,0.1754801273345947,0.1915643215179443,0.0281486511230468,0.0325956344604492,0.1079287528991699,0.0713870525360107,0.1868646144866943,0.1612136363983154,0.3167173862457275,0.2991559505462646
exact_038.hgr,0.0300400257110595,0.0459260940551757,0.0271418094635009,0.023693561553955,0.0416252613067626,0.0398485660552978,0.0946753025054931,0.0785365104675293,0.0420854091644287,0.0262513160705566,0.0308022499084472,0.0527725219726562,0.0437142848968505,0.0457849502563476,0.0431907176971435,0.0814504623413086
exact_039.hgr,0.0663447380065918,0.0315947532653808,0.0784733295440673,0.0655984878540039,0.1981902122497558,0.1825027465820312,0.2497673034667968,0.2370655536651611,0.0253658294677734,0.0509452819824218,0.0843429565429687,0.0952024459838867,0.2239966392517089,0.2002866268157959,0.233039379119873,0.2586407661437988
exact_040.hgr,0.0591673851013183,0.0697197914123535,0.0991148948669433,0.1413280963897705,0.4726555347442627,0.5553944110870361,0.6508638858795166,0.6104204654693604,0.0409696102142334,0.0440201759338378,0.1077277660369873,0.1267457008361816,0.54180908203125,0.5271639823913574,0.6078824996948242,0.810164213180542
exact_041.hgr,0.0309758186340332,0.0630743503570556,0.1134755611419677,0.1407432556152343,0.0822060108184814,0.0686845779418945,0.2331714630126953,0.2178905010223388,0.0284197330474853,0.0378124713897705,0.1586966514587402,0.140542984008789,0.1151483058929443,0.1032016277313232,0.1872680187225341,0.3296871185302734
exact_042.hgr,0.0235769748687744,0.0357272624969482,0.0250701904296875,0.025641918182373,0.0381314754486084,0.0275194644927978,0.0499203205108642,0.0305681228637695,0.0194847583770751,0.0274844169616699,0.0685367584228515,0.0471494197845459,0.0309598445892334,0.0453343391418457,0.042203664779663,0.0390386581420898
exact_043.hgr,0.0625510215759277,0.0285074710845947,0.0241057872772216,0.0439503192901611,0.0270204544067382,0.0241835117340087,0.1140644550323486,0.0709924697875976,0.0438454151153564,0.0201282501220703,0.0271050930023193,0.0368714332580566,0.0527513027191162,0.0596804618835449,0.1059024333953857,0.1000277996063232
exact_044.hgr,0.0358147621154785,0.0618455410003662,0.0448236465454101,0.096149206161499,0.0927503108978271,0.0883586406707763,0.106396198272705,0.1141772270202636,0.0286366939544677,0.0466420650482177,0.051671028137207,0.0899841785430908,0.0955784320831298,0.0988333225250244,0.1084275245666503,0.1373922824859619
exact_045.hgr,0.0551941394805908,0.0408353805541992,0.0865988731384277,0.084428071975708,0.2118840217590332,0.1979992389678955,0.3900740146636963,0.2568950653076172,0.0477752685546875,0.0279157161712646,0.1121625900268554,0.1516909599304199,0.2329134941101074,0.2213644981384277,0.2590324878692627,0.3507485389709472
exact_046.hgr,0.0457243919372558,0.0367088317871093,0.048232078552246,0.050546646118164,0.0374555587768554,0.0939705371856689,0.046006441116333,0.0369377136230468,0.0168402194976806,0.042421817779541,0.0443456172943115,0.115281343460083,0.0519914627075195,0.0824706554412841,0.0447626113891601,0.0541889667510986
exact_047.hgr,0.0178368091583251,0.0373008251190185,0.1977994441986084,0.1595301628112793,0.1092450618743896,0.0827820301055908,0.3139619827270508,0.220484972000122,0.0501353740692138,0.0259826183319091,0.2112247943878173,0.1608052253723144,0.1287319660186767,0.2290174961090088,0.2746014595031738,0.331162691116333
exact_048.hgr,0.0359034538269043,0.0282642841339111,0.029860496520996,0.0251140594482421,0.1010529994964599,0.0226180553436279,0.029099702835083,0.0504460334777832,0.0465533733367919,0.015348196029663,0.0318167209625244,0.0356812477111816,0.0401132106781005,0.0468788146972656,0.0409362316131591,0.0425465106964111
exact_049.hgr,0.056814432144165,0.070023775100708,0.5672307014465332,0.4524078369140625,1.0484347343444824,0.9351656436920166,1.2660236358642578,1.2731468677520752,0.0740714073181152,0.042912483215332,0.5608668327331543,0.5422482490539551,0.8698043823242188,0.8670799732208252,1.2067465782165527,1.7062647342681885
exact_050.hgr,0.0467803478240966,0.0242502689361572,0.0235583782196044,0.0274217128753662,0.0198690891265869,0.0294620990753173,0.0764031410217285,0.0347449779510498,0.0546402931213378,0.0234167575836181,0.0364725589752197,0.084047794342041,0.0284085273742675,0.0315697193145751,0.0229058265686035,0.0389320850372314
exact_051.hgr,0.0311172008514404,0.0213692188262939,0.0271012783050537,0.0376253128051757,0.047842264175415,0.0373842716217041,0.0712604522705078,0.0684516429901123,0.0439658164978027,0.0151753425598144,0.0867466926574707,0.0610609054565429,0.0261092185974121,0.0301368236541748,0.0423512458801269,0.058488130569458
exact_052.hgr,0.0260560512542724,0.045302391052246,0.0243141651153564,0.0262646675109863,0.034050703048706,0.0272102355957031,0.0504102706909179,0.0495669841766357,0.0780518054962158,0.046767234802246,0.0370059013366699,0.0529429912567138,0.0288324356079101,0.0264437198638916,0.0307066440582275,0.0658354759216308
exact_053.hgr,0.0507547855377197,0.0283308029174804,0.1246204376220703,0.1230931282043457,0.5221602916717529,0.5968449115753174,0.5916705131530762,0.6303727626800537,0.0599441528320312,0.0252983570098876,0.1406917572021484,0.2042016983032226,0.5349087715148926,0.6139850616455078,0.6146466732025146,0.814875602722168
exact_054.hgr,0.0331912040710449,0.0234797000885009,0.0284032821655273,0.0215182304382324,0.0279479026794433,0.0441398620605468,0.0393025875091552,0.0403692722320556,0.0216157436370849,0.039548635482788,0.0426180362701416,0.0416717529296875,0.0266616344451904,0.0423171520233154,0.0413980484008789,0.051121711730957
exact_055.hgr,0.0243330001831054,0.020573616027832,0.0259222984313964,0.0309159755706787,0.0204439163208007,0.0282204151153564,0.0317413806915283,0.0358564853668212,0.0588579177856445,0.0162153244018554,0.0353028774261474,0.0579655170440673,0.0507309436798095,0.0247278213500976,0.0214524269104003,0.0530972480773925
exact_056.hgr,0.0556108951568603,0.048222541809082,0.1419906616210937,0.1434845924377441,0.6240954399108887,0.6941325664520264,0.7961335182189941,0.8013384342193604,0.0477700233459472,0.0315399169921875,0.1379048824310302,0.1926538944244384,0.6987552642822266,0.729015588760376,0.7164101600646973,0.994049310684204
exact_057.hgr,0.0436654090881347,0.0364148616790771,0.0253822803497314,0.0187013149261474,0.0325219631195068,0.0418612957000732,0.0410032272338867,0.0228102207183837,0.0222871303558349,0.0453217029571533,0.036456823348999,0.035757303237915,0.0304501056671142,0.0248827934265136,0.0459322929382324,0.0456442832946777
exact_058.hgr,0.0286879539489746,0.0139293670654296,0.0357043743133544,0.0341362953186035,0.032097578048706,0.0388574600219726,0.0434100627899169,0.0575902462005615,0.0441830158233642,0.0289721488952636,0.0352561473846435,0.0722804069519043,0.030839204788208,0.0407514572143554,0.0665593147277832,0.0534179210662841
exact_059.hgr,0.0251779556274414,0.02640962600708,0.0803396701812744,0.0730185508728027,0.1841902732849121,0.2120027542114257,0.2801160812377929,0.2688908576965332,0.0290851593017578,0.0229122638702392,0.0773308277130127,0.1096951961517334,0.1733217239379882,0.3002541065216064,0.2160260677337646,0.3472065925598144
exact_060.hgr,0.0483629703521728,0.0408387184143066,0.1168470382690429,0.1025717258453369,0.4125380516052246,0.364102840423584,0.50771164894104,0.4889614582061767,0.0484759807586669,0.0501680374145507,0.0986168384552002,0.1508817672729492,0.4279606342315674,0.4078154563903808,0.4816625118255615,0.609323263168335
exact_061.hgr,0.0273818969726562,0.0353305339813232,0.0335760116577148,0.0326383113861084,0.0710573196411132,0.0454378128051757,0.0638413429260253,0.0574011802673339,0.0310618877410888,0.0403566360473632,0.0419907569885253,0.0507118701934814,0.0258960723876953,0.0451252460479736,0.0522143840789794,0.0536975860595703
exact_062.hgr,0.0220618247985839,0.0216145515441894,0.0222644805908203,0.0328919887542724,0.0655503273010253,0.0329282283782959,0.0367562770843505,0.0332221984863281,0.0413727760314941,0.0231373310089111,0.0416958332061767,0.0536346435546875,0.0350339412689209,0.0364556312561035,0.0346896648406982,0.0537052154541015
exact_063.hgr,0.0453681945800781,0.0158026218414306,0.0461370944976806,0.0492575168609619,0.0707437992095947,0.0651829242706298,0.0884499549865722,0.080503225326538,0.0266759395599365,0.0145926475524902,0.0551590919494628,0.0810024738311767,0.0810670852661132,0.0972213745117187,0.0885365009307861,0.1226654052734375
exact_064.hgr,0.0298025608062744,0.0367772579193115,0.1474077701568603,0.1330077648162841,0.1190402507781982,0.0960528850555419,0.2080073356628418,0.1816587448120117,0.0444283485412597,0.0408809185028076,0.1816933155059814,0.1977128982543945,0.1050450801849365,0.1156394481658935,0.2111918926239013,0.2901046276092529
exact_065.hgr,0.0228331089019775,0.0225558280944824,0.0529916286468505,0.0421409606933593,0.0433237552642822,0.0269367694854736,0.0436334609985351,0.03975510597229,0.0233926773071289,0.0230238437652587,0.0533342361450195,0.0875086784362793,0.0298502445220947,0.0251810550689697,0.0480730533599853,0.0580790042877197
exact_066.hgr,0.0537433624267578,0.0139589309692382,0.0487112998962402,0.0379838943481445,0.0274844169616699,0.0358812808990478,0.0469141006469726,0.054506778717041,0.0219597816467285,0.0156338214874267,0.0863063335418701,0.0830531120300293,0.0254740715026855,0.0359528064727783,0.0763285160064697,0.0584518909454345
exact_067.hgr,0.0291769504547119,0.0419740676879882,0.1563444137573242,0.1396872997283935,0.119471788406372,0.0917189121246337,0.2058525085449218,0.2466490268707275,0.0445883274078369,0.0454239845275878,0.1648321151733398,0.14823579788208,0.0980873107910156,0.1106734275817871,0.2250137329101562,0.3172686100006103
exact_068.hgr,0.0197839736938476,0.0217454433441162,0.0501298904418945,0.0273025035858154,0.0389714241027832,0.0404291152954101,0.0368382930755615,0.0527360439300537,0.0259566307067871,0.0250356197357177,0.0499439239501953,0.0261836051940917,0.0300180912017822,0.0272507667541503,0.0525338649749755,0.0663793087005615
exact_069.hgr,0.0589435100555419,0.0162329673767089,0.033499002456665,0.0231397151947021,0.0321128368377685,0.0340855121612548,0.0350961685180664,0.0392220020294189,0.0214056968688964,0.0229771137237548,0.0322587490081787,0.0392632484436035,0.0506994724273681,0.0393488407135009,0.0394797325134277,0.0415928363800048
exact_070.hgr,0.0304601192474365,0.0404655933380126,0.0516049861907959,0.0390398502349853,0.0526964664459228,0.0346415042877197,0.0456852912902832,0.0682032108306884,0.0517981052398681,0.044412612915039,0.0425922870635986,0.0390732288360595,0.03021240234375,0.0285477638244628,0.1124308109283447,0.0807526111602783
exact_071.hgr,0.021975040435791,0.0241546630859375,0.1063308715820312,0.1148405075073242,0.1031179428100586,0.0964729785919189,0.1256608963012695,0.1661067008972168,0.0319392681121826,0.0393214225769043,0.1414391994476318,0.1531150341033935,0.0688669681549072,0.0811939239501953,0.1576693058013916,0.3008847236633301
exact_072.hgr,0.0541713237762451,0.0377695560455322,0.0876951217651367,0.0747687816619873,0.2189726829528808,0.1684803962707519,0.2854876518249511,0.2346770763397216,0.0212883949279785,0.0235536098480224,0.0889005661010742,0.0598402023315429,0.1894202232360839,0.1555762290954589,0.2139375209808349,0.3040287494659424
exact_073.hgr,0.0300767421722412,0.0318405628204345,0.0440564155578613,0.0295236110687255,0.0377511978149414,0.0229799747467041,0.0321159362792968,0.0465919971466064,0.0499804019927978,0.0187916755676269,0.0629725456237793,0.0651216506958007,0.0421061515808105,0.0528976917266845,0.059159517288208,0.0952835083007812
exact_074.hgr,0.0476365089416503,0.0251431465148925,0.1644799709320068,0.1460309028625488,0.1321849822998047,0.1079761981964111,0.1604199409484863,0.1795573234558105,0.0296328067779541,0.0425293445587158,0.1623704433441162,0.1928348541259765,0.0907549858093261,0.0917916297912597,0.181957721710205,0.2121064662933349
exact_075.hgr,0.0383429527282714,0.0347506999969482,0.0226266384124755,0.0444071292877197,0.0610537528991699,0.0708937644958496,0.025853157043457,0.0371046066284179,0.0437929630279541,0.0368716716766357,0.0589637756347656,0.0365025997161865,0.0321245193481445,0.0295124053955078,0.0745019912719726,0.0397865772247314
exact_076.hgr,0.0256044864654541,0.0210928916931152,0.1448597908020019,0.1582281589508056,0.1776289939880371,0.1150085926055908,0.1943287849426269,0.189453125,0.0276529788970947,0.0236344337463378,0.1950793266296386,0.1690187454223632,0.1105029582977294,0.1067302227020263,0.2148997783660888,0.2736215591430664
exact_077.hgr,0.0445001125335693,0.0136723518371582,0.0302197933197021,0.0344400405883789,0.0628917217254638,0.0337893962860107,0.0460431575775146,0.0442614555358886,0.0205273628234863,0.0142290592193603,0.0867421627044677,0.0699560642242431,0.058422565460205,0.0293784141540527,0.0556018352508544,0.0403728485107421
exact_078.hgr,0.0300490856170654,0.0373549461364746,0.0872957706451416,0.0859785079956054,0.2733607292175293,0.2632598876953125,0.2949781417846679,0.2788937091827392,0.0496973991394043,0.0417091846466064,0.1830611228942871,0.1042525768280029,0.2609367370605469,0.2822680473327636,0.3584797382354736,0.3451762199401855
exact_079.hgr,0.045177936553955,0.0217342376708984,0.0414736270904541,0.0449640750885009,0.04115891456604,0.0379183292388916,0.0534791946411132,0.0303609371185302,0.0288596153259277,0.0239174365997314,0.0598957538604736,0.0345196723937988,0.031804084777832,0.0484459400177001,0.0421435832977294,0.0378577709197998
exact_080.hgr,0.0309970378875732,0.014418601989746,0.0383610725402832,0.0398049354553222,0.0318317413330078,0.0326373577117919,0.0340921878814697,0.0719842910766601,0.0433061122894287,0.0404696464538574,0.0579328536987304,0.0515563488006591,0.0299482345581054,0.0554752349853515,0.0334212779998779,0.076432466506958
exact_081.hgr,0.025688886642456,0.0445859432220459,0.02767014503479,0.0321640968322753,0.037966251373291,0.0252342224121093,0.0372529029846191,0.0409672260284423,0.0291097164154052,0.0291664600372314,0.0158016681671142,0.0444366931915283,0.036884069442749,0.0314092636108398,0.0323705673217773,0.036201000213623
exact_082.hgr,0.0503852367401123,0.0259580612182617,0.0260348320007324,0.024979829788208,0.0373437404632568,0.0285718441009521,0.0504610538482666,0.0674195289611816,0.041388988494873,0.0411598682403564,0.0299084186553955,0.0352301597595214,0.0645151138305664,0.0306077003479003,0.0405306816101074,0.0471627712249755
exact_083.hgr,0.0464811325073242,0.040257453918457,0.0270156860351562,0.0458793640136718,0.0318281650543212,0.0532948970794677,0.0339922904968261,0.048783540725708,0.0233724117279052,0.0274243354797363,0.0231070518493652,0.0283730030059814,0.0444905757904052,0.0254201889038085,0.0349276065826416,0.0519134998321533
exact_084.hgr,0.0354304313659668,0.0247254371643066,0.0301997661590576,0.0509216785430908,0.0522353649139404,0.0964183807373046,0.0507025718688964,0.0923264026641845,0.0195534229278564,0.04180908203125,0.0612995624542236,0.1106543540954589,0.0888063907623291,0.0383346080780029,0.0886683464050293,0.0727627277374267
exact_085.hgr,0.0181615352630615,0.0242772102355957,0.0256044864654541,0.0422611236572265,0.036776065826416,0.0422563552856445,0.0465800762176513,0.0315010547637939,0.0461513996124267,0.0298583507537841,0.0469238758087158,0.0806770324707031,0.0483522415161132,0.0520520210266113,0.0864934921264648,0.0578019618988037
exact_086.hgr,0.0422842502593994,0.0434772968292236,0.0960357189178466,0.0909199714660644,0.4329037666320801,0.3624041080474853,0.4251465797424316,0.4589180946350097,0.035083532333374,0.0458786487579345,0.0930736064910888,0.1814761161804199,0.383793830871582,0.4024169445037842,0.4330208301544189,0.6170544624328613
exact_087.hgr,0.0347626209259033,0.0225467681884765,0.1503307819366455,0.1826393604278564,0.0946195125579834,0.1039042472839355,0.1927073001861572,0.2119698524475097,0.0249836444854736,0.0204584598541259,0.1724724769592285,0.1392216682434082,0.1638391017913818,0.0964801311492919,0.2850155830383301,0.3985311985015869
exact_088.hgr,0.0608124732971191,0.0431954860687255,0.0948381423950195,0.0917942523956298,0.3161361217498779,0.2891628742218017,0.3463010787963867,0.3324863910675049,0.0585653781890869,0.0442175865173339,0.0919442176818847,0.1568274497985839,0.3384909629821777,0.2666046619415283,0.3715217113494873,0.418163537979126
exact_089.hgr,0.0273301601409912,0.0412757396697998,0.0678763389587402,0.0920488834381103,0.2483386993408203,0.2353186607360839,0.2989740371704101,0.2567117214202881,0.0346977710723876,0.0274808406829834,0.0966451168060302,0.1119165420532226,0.2875926494598388,0.230499267578125,0.2850770950317383,0.3320791721343994
exact_090.hgr,0.0241572856903076,0.0257680416107177,0.0511195659637451,0.0441510677337646,0.0537507534027099,0.0756149291992187,0.0549983978271484,0.0958180427551269,0.0532288551330566,0.0207858085632324,0.0694446563720703,0.0518503189086914,0.0886304378509521,0.0513701438903808,0.0579400062561035,0.0707566738128662
exact_091.hgr,0.054070234298706,0.0388362407684326,0.1389293670654297,0.1577012538909912,0.7473123073577881,0.6260106563568115,0.7350759506225586,0.7073140144348145,0.0367717742919921,0.0489115715026855,0.1733195781707763,0.1539416313171386,0.7207019329071045,0.6428267955780029,0.808344841003418,0.9761598110198976
exact_092.hgr,0.0452497005462646,0.0234065055847167,0.0397615432739257,0.0258941650390625,0.0319409370422363,0.056171178817749,0.0586514472961425,0.0434277057647705,0.0524592399597168,0.016017198562622,0.0516958236694335,0.0284750461578369,0.0376317501068115,0.0318100452423095,0.0271165370941162,0.0274901390075683
exact_093.hgr,0.0300490856170654,0.0193850994110107,0.0500125885009765,0.0222077369689941,0.0468370914459228,0.0575480461120605,0.030238389968872,0.0404374599456787,0.0384070873260498,0.0478041172027587,0.0584344863891601,0.0364162921905517,0.0376226902008056,0.0302586555480957,0.0377383232116699,0.0596945285797119
exact_094.hgr,0.0423555374145507,0.0388803482055664,0.0313446521759033,0.0493750572204589,0.0352964401245117,0.0685851573944091,0.0435822010040283,0.0499012470245361,0.025710105895996,0.0161643028259277,0.0868470668792724,0.0369281768798828,0.0604317188262939,0.0404632091522216,0.0357460975646972,0.045849323272705
exact_095.hgr,0.0277223587036132,0.0338611602783203,0.0649733543395996,0.0390493869781494,0.0317296981811523,0.06199312210083,0.0362606048583984,0.037635326385498,0.0583999156951904,0.030104637145996,0.047255516052246,0.0562355518341064,0.0438077449798584,0.0356099605560302,0.0790388584136962,0.0563232898712158
exact_096.hgr,0.0192608833312988,0.0206522941589355,0.050208568572998,0.0241224765777587,0.0230789184570312,0.0222995281219482,0.0298378467559814,0.0269169807434082,0.0313911437988281,0.0223267078399658,0.0342400074005126,0.032522439956665,0.0422224998474121,0.0276851654052734,0.036832571029663,0.0519702434539794
exact_097.hgr,0.042947769165039,0.0314068794250488,0.1299071311950683,0.1128120422363281,0.0939834117889404,0.0927340984344482,0.1820998191833496,0.198695421218872,0.0480554103851318,0.049344778060913,0.1268148422241211,0.1529405117034912,0.1497707366943359,0.1055848598480224,0.2094857692718505,0.2377448081970214
exact_098.hgr,0.0375499725341796,0.019115924835205,0.0499360561370849,0.0352101325988769,0.0283012390136718,0.035874605178833,0.0359542369842529,0.0379347801208496,0.0358486175537109,0.0392420291900634,0.0356271266937255,0.046950340270996,0.0603389739990234,0.0457322597503662,0.0528998374938964,0.0527455806732177
exact_099.hgr,0.023402452468872,0.0299375057220459,0.046241283416748,0.0232322216033935,0.0220954418182373,0.0310215950012207,0.0332863330841064,0.0310873985290527,0.0332696437835693,0.0320167541503906,0.0433921813964843,0.0337963104248046,0.0499541759490966,0.0375463962554931,0.0417191982269287,0.0399091243743896
exact_100.hgr,0.0403134822845459,0.025825023651123,0.1304636001586914,0.1003308296203613,0.0821855068206787,0.0708630084991455,0.1878621578216552,0.1435928344726562,0.105525255203247,0.0320289134979248,0.1209821701049804,0.1066296100616455,0.1335747241973877,0.0844626426696777,0.1678214073181152,0.1999602317810058
AVERAGE,0.0397999691963195,0.0344008517265319,0.0736593461036682,0.0728344750404357,0.1524884796142578,0.1466981434822082,0.1848846936225891,0.1815451502799988,0.0373839282989501,0.0356397342681884,0.0864591765403747,0.0876460456848144,0.1504566407203674,0.1521946763992309,0.1855684900283813,0.2340104627609253
